-- 2개
-- 고객 테이블
create table tblCustomer (
    seq number primary key,         --고객번호(PK)
    name varchar2(30) not null,     --고객명
    tel varchar2(15) not null,      --연락처
    address varchar2(100) not null  --주소
);

-- 판매내역 테이블
create table tblSales (
    seq number primary key,                             --판매번호(PK)
    item varchar2(50) not null,                         --제품명
    qty number not null,                                --수량
    regdate date default sysdate not null,              --판매날짜
    cseq number not null references tblCustomer(seq)    --고객번호(FK)
);




-- 4개

-- 장르
create table tblGenre (
    seq number primary key,     --장르번호(PK)
    name varchar2(30) not null, --장르명
    price number not null,      --대여가격
    period number not null      --대여기간(일)
);

-- 비디오
create table tblVideo (
    seq number primary key,                         --비디오번호(PK)
    name varchar2(100) not null,                    --제목
    qty number not null,                            --수량
    company varchar2(50) null,                      --제작사
    director varchar2(50) null,                     --감독
    major varchar2(50) null,                        --주연배우
    genre number not null references tblGenre(seq)  -- 장르번호(FK)
);

-- 회원 테이블
create table tblMember (
    seq number primary key,     --회원번호(PK)
    name varchar2(30) not null, --회원명
    grade number(1) not null,   --회원등급(1,2,3)
    byear number(4) not null,   --생년
    tel varchar2(15) not null,  --연락처
    address varchar2(300) null, --주소
    money number not null       --예치금
);

-- 대여
create table tblRent (
    seq number primary key,                             --대여번호(PK)
    member number not null references tblMember(seq),   --회원번호(FK)
    video number not null references tblVideo(seq),     --비디오번호(FK)
    rentdate date default sysdate not null,             --대여시각
    retdate date null,                                  --반납시각
    remart varchar2(500) null                           --비고
);

create sequence genreSeq;
create sequence videoSeq;
create sequence memberSeq;
create sequence rentSeq;




-- 고객 데이터
insert into tblcustomer (seq, name, tel, address)
		values (1, '홍길동', '010-1234-5678', '서울시');
insert into tblcustomer (seq, name, tel, address)
		values (2, '아무게', '010-3333-4444', '인천시');
insert into tblcustomer (seq, name, tel, address)
		values (3, '하하하', '010-5555-6666', '부산시');


-- 판매 데이터
insert into tblsales (seq, item, qty, cseq) values (1, '전화기', 1, 1);
insert into tblsales (seq, item, qty, cseq) values (2, '다이어리', 3, 2);
insert into tblsales (seq, item, qty, cseq) values (3, '노트', 10, 2);
insert into tblsales (seq, item, qty, cseq) values (4, '볼펜', 20, 3);
insert into tblsales (seq, item, qty, cseq) values (5, '지우개', 15, 3);
insert into tblsales (seq, item, qty, cseq) values (6, '마우스', 5, 1);
insert into tblsales (seq, item, qty, cseq) values (7, '키보드', 2, 3);
insert into tblsales (seq, item, qty, cseq) values (8, '모니터', 1, 2);
insert into tblsales (seq, item, qty, cseq) values (9, '선풍기', 2, 1);







-- 장르 데이터
INSERT INTO tblGenre VALUES (1, '액션',1500,2);
INSERT INTO tblGenre VALUES (2, '에로',1000,1);
INSERT INTO tblGenre VALUES (3, '어린이',1000,3);
INSERT INTO tblGenre VALUES (4, '코미디',2000,2);
INSERT INTO tblGenre VALUES (5, '멜로',2000,1);
INSERT INTO tblGenre VALUES (6, '기타',1800,2);




-- 비디오 데이터
INSERT INTO tblVideo (seq, Name, qty, Company, Director, Major, Genre) VALUES (1, '영구와 땡칠이',5,'영구필름','심영래','땡칠이',3);
INSERT INTO tblVideo (seq, Name, qty, Company, Director, Major, Genre) VALUES (2, '어쭈구리',5,'에로 프로덕션','김감독','박에로',2);
INSERT INTO tblVideo (seq, Name, qty, Company, Director, Major, Genre) VALUES (3, '털미네이터',3,'파라마운트','James','John',1);
INSERT INTO tblVideo (seq, Name, qty, Company, Director, Major, Genre) VALUES (4, '육복성',3,'대만영화사','홍군보','생룡',4);
INSERT INTO tblVideo (seq, Name, qty, Company, Director, Major, Genre) VALUES (5, '뽀뽀할까요',6,'뽀뽀사','박감독','최지후',5);
INSERT INTO tblVideo (seq, Name, qty, Company, Director, Major, Genre) VALUES (6, '우정과 영혼',2,'파라마운트','James','Mike',5);
INSERT INTO tblVideo (seq, Name, qty, Company, Director, Major, Genre) VALUES (7, '주라기 유원지',1,NULL,NULL,NULL,1);
INSERT INTO tblVideo (seq, Name, qty, Company, Director, Major, Genre) VALUES (8, '타이거 킹',4,'Walt','Kebin','Tiger',3);
INSERT INTO tblVideo (seq, Name, qty, Company, Director, Major, Genre) VALUES (9, '텔미 에브리 딩',10,'영구필름','강감독','심으나',5);
INSERT INTO tblVideo (seq, Name, qty, Company, Director, Major, Genre) VALUES (10, '동무',7,'부산필름','박감독','장동근',1);
INSERT INTO tblVideo (seq, Name, qty, Company, Director, Major, Genre) VALUES (12, '공동경쟁구역',2,'뽀뽀사','박감독','이병흔',1);




-- 회원 데이터
INSERT INTO tblMember (seq, Name,Grade,Byear,Tel,address,Money) VALUES (1, '김유신',1,1970,'123-4567','12-3번지 301호',10000);
INSERT INTO tblMember (seq, Name,Grade,Byear,Tel,address,Money) VALUES (2, '강감찬',1,1978,'111-1111','777-2번지 101호',0);
INSERT INTO tblMember (seq, Name,Grade,Byear,Tel,address,Money) VALUES (3, '유관순',1,1978,'222-2222','86-9번지',20000);
INSERT INTO tblMember (seq, Name,Grade,Byear,Tel,address,Money) VALUES (4, '이율곡',1,1982,'333-3333',NULL,15000);
INSERT INTO tblMember (seq, Name,Grade,Byear,Tel,address,Money) VALUES (5, '신숙주',1,1988,'444-4444','조선 APT 1012호',0);
INSERT INTO tblMember (seq, Name,Grade,Byear,Tel,address,Money) VALUES (6, '안중근',1,1981,'555-5555','대한빌라 102호',1000);
INSERT INTO tblMember (seq, Name,Grade,Byear,Tel,address,Money) VALUES (7, '윤봉길',1,1981,'666-6666','12-1번지',0);
INSERT INTO tblMember (seq, Name,Grade,Byear,Tel,address,Money) VALUES (8, '이순신',1,1981,'777-7777',NULL,1500);
INSERT INTO tblMember (seq, Name,Grade,Byear,Tel,address,Money) VALUES (9, '김부식',1,1981,'888-8888','73-6번지',-1000);
INSERT INTO tblMember (seq, Name,Grade,Byear,Tel,address,Money) VALUES (10, '박지원',1,1981,'999-9999','조선 APT 902호',1200);



-- 대여 데이터

INSERT INTO tblRent (seq, member, video, Rentdate, Retdate) VALUES (1, 1,1,'2007-01-01',NULL);
INSERT INTO tblRent (seq, member, video, Rentdate, Retdate) VALUES (2, 2,2,'2007-02-02','2007-02-03');
INSERT INTO tblRent (seq, member, video, Rentdate, Retdate) VALUES (3, 3,3,'2007-02-03',NULL);
INSERT INTO tblRent (seq, member, video, Rentdate, Retdate) VALUES (4, 4,3,'2007-02-04','2007-02-08');
INSERT INTO tblRent (seq, member, video, Rentdate, Retdate) VALUES (5, 5,5,'2007-02-05',NULL);
INSERT INTO tblRent (seq, member, video, Rentdate, Retdate) VALUES (6, 1,2,'2007-02-10',NULL);







commit;



select * from tblCustomer;
select * from tblSales;

select * from tblGenre;
select * from tblVideo;
select * from tblMember;
select * from tblRent;

